comparator_isoform_id	category	comp_orf_length	n_downstream_ejc	dmso_mean	smg1i_mean	smg1i_over_dmso
ENST00000863936.1	truncated_no_ejc	888	0	0	2	NA
ENST00000372070.7	no_downstream_ejc	975	0	286.6666666666667	2972.3333333333335	10.36860465116279
ENST00000621846.4	no_downstream_ejc	975	0	44.666666666666664	513.6666666666666	11.5
ENST00000434299.5	mapping_failed	NA	NA	NA	NA	NA
ENST00000863937.1	no_downstream_ejc	975	0	1	8.666666666666666	8.666666666666666
ENST00000940609.1	no_downstream_ejc	975	0	NA	NA	NA
ENST00000863938.1	no_downstream_ejc	975	0	0.6666666666666666	9.333333333333334	14.000000000000002
ENST00000863939.1	no_downstream_ejc	975	0	NA	NA	NA
ENST00000962573.1	no_downstream_ejc	975	0	NA	NA	NA
ENST00000863940.1	truncated_no_ejc	750	0	NA	NA	NA
ENST00000940610.1	truncated_no_ejc	750	0	NA	NA	NA
ENST00000940611.1	truncated_no_ejc	708	0	NA	NA	NA
ENST00000496999.5	ref_atg_lost	NA	NA	0.3333333333333333	1.3333333333333333	4
ENST00000962574.1	no_downstream_ejc	975	0	NA	NA	NA
ENST00000940612.1	truncated_no_ejc	579	0	NA	NA	NA
ENST00000940613.1	truncated_no_ejc	855	0	NA	NA	NA
ENST00000476957.5	ref_atg_lost	NA	NA	NA	NA	NA
ENST00000940614.1	truncated_no_ejc	705	0	NA	NA	NA
ENST00000863941.1	truncated_no_ejc	855	0	0	8	NA
ENST00000863942.1	truncated_no_ejc	636	0	NA	NA	NA
ENST00000863943.1	truncated_no_ejc	708	0	0	2	NA
ENST00000863944.1	truncated_no_ejc	708	0	0.6666666666666666	1.6666666666666667	2.5000000000000004
ENST00000863945.1	truncated_no_ejc	855	0	0	3.6666666666666665	NA
ENST00000863946.1	no_downstream_ejc	975	0	0.3333333333333333	10.333333333333334	31.000000000000004
ENST00000481885.5	mapping_failed	NA	NA	NA	NA	NA
ENST00000471651.1	truncated_no_ejc	357	0	9.666666666666666	81.33333333333333	8.413793103448276
ENST00000863947.1	no_downstream_ejc	975	0	0.3333333333333333	5	15
ENST00000863948.1	truncated_no_ejc	837	0	NA	NA	NA
ENST00000863949.1	truncated_no_ejc	750	0	0	1	NA
ENST00000863950.1	no_downstream_ejc	996	0	NA	NA	NA
ENST00000863951.1	truncated_no_ejc	702	0	NA	NA	NA
ENST00000863952.1	no_downstream_ejc	975	0	NA	NA	NA
ENST00000863953.1	no_downstream_ejc	975	0	3.3333333333333335	35.666666666666664	10.7
ENST00000497973.5	ref_atg_lost	NA	NA	NA	NA	NA
ENST00000473038.5	ref_atg_lost	NA	NA	0	1.6666666666666667	NA
ENST00000495913.5	ref_atg_lost	NA	NA	NA	NA	NA
ENST00000487654.5	ref_atg_lost	NA	NA	NA	NA	NA
ENST00000475919.1	ref_atg_lost	NA	NA	0	1.3333333333333333	NA
ENST00000475985.1	ref_atg_lost	NA	NA	NA	NA	NA
ENSG00000117448.15.novel1	effectively_ptc	630	1	5.666666666666667	144	25.41176470588235
ENSG00000117448.15.novel2	effectively_ptc	630	1	2.3333333333333335	120	51.42857142857142
ENSG00000117448.15.novel3	no_downstream_ejc	975	0	21.666666666666668	159	7.338461538461538
ENSG00000117448.15.novel4	ref_atg_lost	NA	NA	2.3333333333333335	47.666666666666664	20.428571428571427
ENSG00000117448.15.novel5	effectively_ptc	357	4	3.3333333333333335	5.333333333333333	1.5999999999999999
ENSG00000117448.15.novel6	ref_atg_lost	NA	NA	0	13	NA
ENSG00000117448.15.novel7	effectively_ptc	630	1	0.3333333333333333	9.666666666666666	29
ENSG00000117448.15.novel8	effectively_ptc	630	1	0	9	NA
ENSG00000117448.15.novel9	effectively_ptc	357	4	4.333333333333333	8	1.8461538461538463
ENSG00000117448.15.novel10	ref_atg_lost	NA	NA	0.6666666666666666	8.666666666666666	13
ENSG00000117448.15.novel11	effectively_ptc	357	3	1.3333333333333333	2	1.5
ENSG00000117448.15.novel13	truncated_no_ejc	888	0	0	1	NA
ENSG00000117448.15.novel14	ref_atg_lost	NA	NA	3	59	19.666666666666668
ENSG00000117448.15.novel15	ref_atg_lost	NA	NA	0.3333333333333333	3.3333333333333335	10.000000000000002
ENSG00000117448.15.novel16	ref_atg_lost	NA	NA	1.6666666666666667	44.666666666666664	26.799999999999997
ENSG00000117448.15.novel17	effectively_ptc	357	3	0.6666666666666666	1.3333333333333333	2
ENSG00000117448.15.novel18	truncated_no_ejc	675	0	0	0.3333333333333333	NA
ENSG00000117448.15.novel19	truncated_no_ejc	357	0	0.6666666666666666	2.3333333333333335	3.5000000000000004
ENSG00000117448.15.novel20	effectively_ptc	357	5	0	1	NA
ENSG00000117448.15.novel22	truncated_no_ejc	675	0	0.3333333333333333	1	3
ENSG00000117448.15.novel23	ref_atg_lost	NA	NA	1	3.3333333333333335	3.3333333333333335
ENSG00000117448.15.novel24	effectively_ptc	159	6	0	0	NA
ENSG00000117448.15.novel26	effectively_ptc	357	4	0	0	NA
ENSG00000117448.15.novel28	effectively_ptc	357	5	0.3333333333333333	2	6
ENSG00000117448.15.novel29	effectively_ptc	357	4	0	0	NA
ENSG00000117448.15.novel32	ref_atg_lost	NA	NA	0	0.3333333333333333	NA
ENSG00000117448.15.novel33	effectively_ptc	159	6	0	0	NA
ENSG00000117448.15.novel34	truncated_no_ejc	357	0	0.3333333333333333	1.3333333333333333	4
ENSG00000117448.15.novel35	truncated_no_ejc	855	0	0	0.6666666666666666	NA
ENSG00000117448.15.novel36	effectively_ptc	567	3	0	0.6666666666666666	NA
ENSG00000117448.15.novel38	effectively_ptc	234	3	0	0.6666666666666666	NA
ENSG00000117448.15.novel41	no_downstream_ejc	978	0	1.6666666666666667	9.666666666666666	5.8
